{
  "name": "vesmo-backend",
  "version": "1.0.0",
  "description": "Backend для VESMO - Virtual Easy Social Moments",
  "main": "server.js",
  "scripts": {
    "start": "node server.js",
    "dev": "nodemon server.js",
    "test": "echo \"Error: no test specified\" && exit 1"
  },
  "keywords": [
    "vesmo",
    "social-network",
    "messenger",
    "chat",
    "webrtc"
  ],
  "author": "VESMO Team",
  "license": "MIT",
  "dependencies": {
    "express": "^4.18.2",
    "mongoose": "^8.0.3",
    "socket.io": "^4.6.1",
    "bcryptjs": "^2.4.3",
    "jsonwebtoken": "^9.0.2",
    "cors": "^2.8.5",
    "dotenv": "^16.3.1",
    "multer": "^1.4.5-lts.1",
    "cloudinary": "^1.41.0",
    "sharp": "^0.33.1",
    "nodemailer": "^6.9.7",
    "redis": "^4.6.11",
    "express-rate-limit": "^7.1.5",
    "helmet": "^7.1.0",
    "express-validator": "^7.0.1",
    "geoip-lite": "^1.4.7",
    "nanoid": "^3.3.7",
    "moment": "^2.29.4",
    "cookie-parser": "^1.4.6"
  },
  "devDependencies": {
    "nodemon": "^3.0.2"
  },
  "engines": {
    "node": ">=18.0.0",
    "npm": ">=9.0.0"
  }
}
