{
  "name": "vesmo-frontend",
  "version": "1.0.0",
  "description": "Frontend для VESMO - Virtual Easy Social Moments",
  "private": true,
  "dependencies": {
    "react": "^18.2.0",
    "react-dom": "^18.2.0",
    "react-router-dom": "^6.21.0",
    "react-scripts": "5.0.1",
    "axios": "^1.6.2",
    "socket.io-client": "^4.6.1",
    "i18next": "^23.7.11",
    "react-i18next": "^14.0.0",
    "emoji-picker-react": "^4.5.16",
    "react-icons": "^4.12.0",
    "moment": "^2.29.4",
    "react-share": "^5.1.0",
    "peerjs": "^1.5.2",
    "compressorjs": "^1.2.1",
    "react-mic": "^12.4.6",
    "react-webcam": "^7.2.0"
  },
  "devDependencies": {
    "tailwindcss": "^3.4.0",
    "autoprefixer": "^10.4.16",
    "postcss": "^8.4.32"
  },
  "scripts": {
    "start": "react-scripts start",
    "build": "react-scripts build",
    "test": "react-scripts test",
    "eject": "react-scripts eject"
  },
  "eslintConfig": {
    "extends": [
      "react-app"
    ]
  },
  "browserslist": {
    "production": [
      ">0.2%",
      "not dead",
      "not op_mini all"
    ],
    "development": [
      "last 1 chrome version",
      "last 1 firefox version",
      "last 1 safari version"
    ]
  }
}
